-- phpMyAdmin SQL Dump
-- version 4.4.15.7
-- http://www.phpmyadmin.net
--
-- Хост: 127.0.0.1:3306
-- Время создания: Дек 22 2017 г., 12:04
-- Версия сервера: 5.5.50-log
-- Версия PHP: 7.0.8

SET FOREIGN_KEY_CHECKS=0;
SET SQL_MODE = "NO_AUTO_VALUE_ON_ZERO";
SET time_zone = "+00:00";


/*!40101 SET @OLD_CHARACTER_SET_CLIENT=@@CHARACTER_SET_CLIENT */;
/*!40101 SET @OLD_CHARACTER_SET_RESULTS=@@CHARACTER_SET_RESULTS */;
/*!40101 SET @OLD_COLLATION_CONNECTION=@@COLLATION_CONNECTION */;
/*!40101 SET NAMES utf8mb4 */;

--
-- База данных: `test_work_map_travel`
--

--
-- Дамп данных таблицы `countries`
--

INSERT INTO `countries` (`id`, `name`, `short_name`, `info`) VALUES
(1081, 'Украина', 'ua', NULL),
(1083, 'Франция', 'fr', NULL),
(1084, 'Соединенные Штаты Америки', 'us', NULL),
(1086, 'Россия', 'ru', NULL),
(1087, 'Нидерланды', 'nl', NULL),
(1093, 'Эстония', 'ee', NULL),
(1095, 'Китай', 'cn', NULL),
(1099, 'Литва', 'lt', NULL),
(1114, 'Германия', 'de', NULL),
(1174, 'Черногория', 'me', NULL),
(1203, 'Польша', 'pl', NULL),
(1224, 'Италия', 'it', NULL),
(1235, 'Румыния', 'ro', NULL),
(1261, 'Azerbaijan', 'az', NULL),
(1265, 'Belarus', 'by', NULL),
(1271, 'Сингапур', 'sg', NULL),
(1355, 'Israel', 'il', NULL),
(1363, 'Uzbekistan', 'uz', NULL);


--
-- Дамп данных таблицы `users`
--

INSERT INTO `users` (`id`, `name`, `is_active`) VALUES
(402, 'Timur', 'Нет'),
(403, 'Алексей', 'Нет'),
(404, 'Сергей', 'Да'),
(405, 'Андрей', 'Нет'),
(406, 'Татьяна', 'Нет'),
(407, 'Павел', 'Да'),
(408, 'Alex', 'Нет'),
(409, 'Николай', 'Нет'),
(410, 'Ирина', 'Нет'),
(411, 'Анатолий', 'Нет'),
(412, 'Роман', 'Нет'),
(413, 'Михаил', 'Нет'),
(414, 'Егор', 'Да'),
(415, 'Віталій', 'Нет'),
(416, 'Виктор', 'Да'),
(417, 'Руслан', 'Нет'),
(418, 'Валерия', 'Да'),
(419, 'Ольга', 'Нет'),
(420, 'Владимир', 'Нет'),
(421, 'Константин', 'Нет'),
(422, 'Юрій', 'Да'),
(423, 'Елизавета', 'Нет'),
(424, 'Георгий', 'Нет'),
(425, 'Олег', 'Да'),
(426, 'Наталья', 'Да'),
(427, 'Александр', 'Нет'),
(428, 'Ivan', 'Да'),
(429, 'Григорий', 'Да'),
(430, 'Вероника', 'Нет'),
(431, 'Анастасия', 'Да'),
(432, 'Яна', 'Нет'),
(433, 'Богдан', 'Нет'),
(434, 'Olga', 'Да'),
(435, 'Валерий', 'Да'),
(436, 'Евгений', 'Да'),
(437, 'Оля', 'Да'),
(438, 'Виктория', 'Да'),
(439, 'Светлана', 'Нет'),
(440, 'Илья', 'Нет'),
(441, 'alex', 'Да'),
(442, 'Yan', 'Нет'),
(443, 'Серж', 'Да'),
(444, 'Денис', 'Нет'),
(445, 'Артем', 'Нет'),
(446, 'Никита', 'Да'),
(447, 'Данил', 'Да'),
(448, 'Ксения', 'Да'),
(449, 'Марія', 'Да'),
(450, 'Дмитрий', 'Нет'),
(451, 'Надежда', 'Нет'),
(452, 'Марьяна', 'Да'),
(453, 'Наталія', 'Да'),
(454, 'Даниил', 'Нет'),
(455, 'Малина', 'Нет'),
(456, 'Иван', 'Да'),
(457, 'Мария', 'Да'),
(458, 'Андрій', 'Нет'),
(459, 'Владислав', 'Нет'),
(460, 'Нона', 'Нет'),
(461, 'Алина', 'Да'),
(462, 'Valera', 'Да'),
(463, 'Екатерина', 'Нет'),
(464, 'Elena', 'Нет'),
(465, 'Антон', 'Да'),
(466, 'Эдуард', 'Да'),
(467, 'Галина', 'Да'),
(468, 'Christian', 'Нет'),
(469, 'юрий', 'Да'),
(470, 'Александра', 'Да'),
(471, 'Valeria', 'Нет'),
(472, 'Алена', 'Нет'),
(473, 'Lina', 'Нет'),
(474, 'Тамара', 'Нет'),
(475, 'Лия', 'Да'),
(476, 'Дан', 'Да'),
(477, 'Шамиль', 'Да'),
(478, 'Олександр', 'Да'),
(479, 'Andrey', 'Нет'),
(480, 'Володимир', 'Да'),
(481, 'Анна', 'Нет'),
(482, 'Елена', 'Да'),
(483, 'Alla', 'Нет'),
(484, 'Василий', 'Нет'),
(485, 'Алла', 'Нет'),
(486, 'Marat', 'Нет'),
(487, 'Виталий', 'Да'),
(488, 'Кирилл', 'Нет'),
(489, 'Артём', 'Да'),
(490, 'Владиимир', 'Нет'),
(491, 'Игорь', 'Да'),
(492, 'Ярослав', 'Да'),
(493, 'Іванка', 'Да'),
(494, 'Леся', 'Да');
--
-- Дамп данных таблицы `favorite_country`
--

INSERT INTO `favorite_country` (`users_id`, `countries_id`) VALUES
(402, 1081),
(403, 1081),
(405, 1081),
(407, 1081),
(408, 1081),
(410, 1081),
(416, 1081),
(417, 1081),
(418, 1081),
(419, 1081),
(420, 1081),
(425, 1081),
(426, 1081),
(432, 1081),
(436, 1081),
(438, 1081),
(448, 1081),
(450, 1081),
(454, 1081),
(458, 1081),
(461, 1081),
(463, 1081),
(467, 1081),
(468, 1081),
(473, 1081),
(474, 1081),
(482, 1081),
(486, 1081),
(487, 1081),
(489, 1081),
(403, 1083),
(404, 1083),
(405, 1083),
(406, 1083),
(407, 1083),
(417, 1083),
(427, 1083),
(429, 1083),
(430, 1083),
(431, 1083),
(435, 1083),
(450, 1083),
(455, 1083),
(458, 1083),
(459, 1083),
(462, 1083),
(469, 1083),
(471, 1083),
(477, 1083),
(480, 1083),
(490, 1083),
(491, 1083),
(403, 1084),
(404, 1084),
(405, 1084),
(406, 1084),
(416, 1084),
(431, 1084),
(434, 1084),
(439, 1084),
(442, 1084),
(443, 1084),
(445, 1084),
(446, 1084),
(450, 1084),
(451, 1084),
(459, 1084),
(460, 1084),
(465, 1084),
(470, 1084),
(472, 1084),
(475, 1084),
(492, 1084),
(403, 1086),
(406, 1086),
(412, 1086),
(414, 1086),
(420, 1086),
(423, 1086),
(444, 1086),
(445, 1086),
(450, 1086),
(466, 1086),
(480, 1086),
(484, 1086),
(488, 1086),
(493, 1086),
(405, 1087),
(407, 1087),
(412, 1087),
(413, 1087),
(416, 1087),
(418, 1087),
(420, 1087),
(421, 1087),
(425, 1087),
(436, 1087),
(437, 1087),
(439, 1087),
(440, 1087),
(450, 1087),
(453, 1087),
(463, 1087),
(465, 1087),
(480, 1087),
(481, 1087),
(404, 1095),
(405, 1095),
(407, 1095),
(409, 1095),
(410, 1095),
(412, 1095),
(424, 1095),
(427, 1095),
(431, 1095),
(432, 1095),
(436, 1095),
(441, 1095),
(446, 1095),
(447, 1095),
(452, 1095),
(456, 1095),
(457, 1095),
(478, 1095),
(479, 1095),
(485, 1095),
(494, 1095),
(406, 1114),
(407, 1114),
(410, 1114),
(411, 1114),
(415, 1114),
(416, 1114),
(419, 1114),
(421, 1114),
(422, 1114),
(425, 1114),
(427, 1114),
(428, 1114),
(433, 1114),
(436, 1114),
(449, 1114),
(450, 1114),
(457, 1114),
(464, 1114),
(476, 1114),
(481, 1114),
(483, 1114);

--
-- Дамп данных таблицы `places`
--

INSERT INTO `places` (`id`, `users_id`, `countries_id`, `registration_date`, `ip`, `lat`, `lng`, `formatted_address`, `rating`) VALUES
(359, 402, 1081, '2016-12-24', 0, '50.43330000', '30.51670000', 'вулиця Велика Васильківська, 53/3, Київ, Украина, 01-001', 307),
(360, 403, 1087, '2017-01-28', 772891734, '52.38240000', '4.89950000', 'De Ruijterkade 14, 1011 AA Amsterdam, Нидерланды', 717),
(361, 403, 1081, '2015-08-02', 625591303, '50.43330000', '30.51670000', 'вулиця Велика Васильківська, 53/3, Київ, Украина, 01-001', 7231),
(362, 403, 1081, '2017-09-26', 1565255779, '49.84070000', '24.03050000', 'вулиця Театральна, 2, Львів, Львівська область, Украина, 79000', 1243),
(363, 403, 1081, '2017-09-26', 1565255779, '49.84070000', '24.03050000', 'вулиця Театральна, 2, Львів, Львівська область, Украина, 79000', 1268),
(364, 403, 1081, '2009-03-11', 786160574, '50.43330000', '30.51670000', 'вулиця Велика Васильківська, 53/3, Київ, Украина, 01-001', 2083),
(365, 403, 1081, '2017-02-22', 0, '47.85000000', '35.28330000', '', 657),
(366, 403, 1093, '2015-09-10', 1522442367, '59.43390000', '24.72810000', 'Eha 8a, 10137 Tallinn, Эстония', 278),
(367, 404, 1086, '2017-12-09', 1578740185, '55.74850000', '37.61840000', '', 205),
(368, 404, 1086, '2017-12-09', 0, '55.78870000', '49.12210000', 'ул. Университетская, 12, Казань, Респ. Татарстан, Россия, 420111', 260),
(369, 404, 1099, '2017-12-09', 1445378065, '54.68330000', '25.31670000', 'Peteliškių g. 2, Vilnius 01213, Литва', 462),
(370, 404, 1081, '2017-01-07', 0, '49.59370000', '34.54070000', 'вулиця Соборності, 51, Полтава, Полтавська область, Украина, 36000', 213),
(371, 405, 1086, '2017-12-09', 1586493032, '61.79610000', '34.34930000', 'Кондопожская ул., 7, Петрозаводск, Респ. Карелия, Россия, 185031', 219),
(372, 405, 1087, '2016-08-15', 0, '52.35290000', '4.94150000', 'Voltaplein 26, 1098 NR Amsterdam, Нидерланды', 218),
(373, 405, 1081, '2015-05-04', 1834442334, '49.98080000', '36.25270000', 'вулиця Молочна, 38, Харків, Харківська область, Украина, 61000', 311),
(374, 405, 1081, '2017-09-27', 0, '49.42160000', '26.99650000', 'вулиця Пилипчука, 55, Хмельницький, Хмельницька область, Украина, 29000', 268),
(375, 405, 1081, '2016-07-03', 0, '50.26490000', '28.67670000', 'вулиця Михайла Грушевського, 71, Житомир, Житомирська область, Украина, 10001', 1950),
(376, 405, 1081, '2015-07-25', 1588849142, '50.43330000', '30.51670000', 'вулиця Велика Васильківська, 53/3, Київ, Украина, 01-001', 1790),
(377, 405, 1081, '2017-09-26', 1565255779, '49.84070000', '24.03050000', 'вулиця Театральна, 2, Львів, Львівська область, Украина, 79000', 1249),
(378, 406, 1081, '2017-12-09', 1315945387, '50.45000000', '30.52330000', 'вул. Хрещатик, 22, Київ, Украина, 02000', 273),
(379, 406, 1081, '2017-03-23', 785581112, '50.45000000', '30.52330000', 'вул. Хрещатик, 22, Київ, Украина, 02000', 792),
(380, 406, 1081, '2017-09-22', 1581925360, '50.43330000', '30.51670000', 'вулиця Велика Васильківська, 53/3, Київ, Украина, 01-001', 214),
(381, 406, 1086, '2016-08-09', 90506058, '59.89440000', '30.26420000', 'ул. Губина, 20, Санкт-Петербург, Россия, 198099', 5036),
(382, 406, 1081, '2017-11-03', 1602591124, '50.37330000', '27.98740000', '', 505),
(383, 407, 1087, '2014-07-16', 0, '52.35290000', '4.94150000', 'Voltaplein 26, 1098 NR Amsterdam, Нидерланды', 2591),
(384, 407, 1081, '2016-03-21', 1843610308, '49.42850000', '32.06210000', 'провулок Водопарковий, 40, Черкаси, Черкаська область, Украина, 18000', 1115),
(385, 407, 1081, '2017-11-06', 1571505645, '50.92160000', '34.80030000', 'вулиця Супруна, 2, Суми, Сумська область, Украина, 40000', 457),
(386, 407, 1081, '2016-03-22', 0, '50.45000000', '30.52330000', 'вул. Хрещатик, 22, Київ, Украина, 02000', 298),
(387, 407, 1086, '2017-12-09', 1845241219, '55.75220000', '37.61560000', '', 187),
(388, 408, 1081, '2017-07-31', 778181151, '48.46300000', '35.03900000', 'вулиця Воскресенська, 27Д, Дніпро́, Дніпропетровська область, Украина, 49000', 220),
(389, 409, 1086, '2013-12-05', 1595675288, '55.74850000', '37.61840000', '', 1301),
(390, 410, 1081, '2017-05-28', 0, '48.29150000', '25.94030000', 'вулиця Руська, 17Д, Чернівці, Чернівецька область, Украина, 58000', 818),
(391, 410, 1086, '2017-12-09', 1360513099, '54.34080000', '73.20980000', '', 439),
(392, 410, 1081, '2016-05-14', 0, '48.51320000', '32.25970000', '', 2622),
(393, 410, 1086, '2017-12-09', 0, '55.75220000', '37.61560000', '', 191),
(394, 411, 1081, '2015-07-09', 0, '50.43330000', '30.51670000', 'вулиця Велика Васильківська, 53/3, Київ, Украина, 01-001', 1097),
(395, 411, 1086, '2017-12-09', 0, '55.45000000', '65.33330000', 'ул. Некрасова, 1, Курган, Курганская обл., Россия, 640000', 183),
(396, 412, 1081, '2017-09-21', 0, '49.98080000', '36.25270000', 'вулиця Молочна, 38, Харків, Харківська область, Украина, 61000', 390),
(397, 412, 1081, '2016-12-02', 0, '47.85000000', '35.28330000', '', 203),
(398, 412, 1086, '2017-12-09', 1432335027, '54.18380000', '45.17490000', 'Пролетарская ул., 42А, Саранск, Респ. Мордовия, Россия, 430005', 171),
(399, 412, 1081, '2015-01-22', 522927430, '50.43330000', '30.51670000', 'вулиця Велика Васильківська, 53/3, Київ, Украина, 01-001', 2939),
(400, 412, 1081, '2015-03-24', 522156105, '46.46390000', '30.73860000', 'Волзький провулок, 1, Одеса, Одеська область, Украина, 65000', 549),
(401, 413, 1081, '2012-12-23', 784920906, '47.85000000', '35.28330000', '', 688),
(402, 414, 1081, '2017-11-01', 0, '50.75930000', '25.34240000', 'вулиця Арцеулова, 5, Луцьк, Волинська область, Украина, 43000', 524),
(403, 415, 1081, '2017-11-01', 0, '50.75930000', '25.34240000', 'вулиця Арцеулова, 5, Луцьк, Волинська область, Украина, 43000', 529),
(404, 416, 1081, '2017-08-22', 0, '46.46390000', '30.73860000', 'Волзький провулок, 1, Одеса, Одеська область, Украина, 65000', 756),
(405, 416, 1081, '2017-12-08', 0, '50.45000000', '30.52330000', 'вул. Хрещатик, 22, Київ, Украина, 02000', 177),
(406, 416, 1081, '2017-10-23', 780515491, '50.43330000', '30.51670000', 'вулиця Велика Васильківська, 53/3, Київ, Украина, 01-001', 390),
(407, 416, 1114, '2015-05-18', 0, '50.11670000', '8.68330000', 'Brönnerstraße 20, 60313 Frankfurt am Main, Германия', 4323),
(408, 417, 1081, '2017-08-12', 522793227, '50.26490000', '28.67670000', 'вулиця Михайла Грушевського, 71, Житомир, Житомирська область, Украина, 10001', 487),
(409, 417, 1081, '2013-09-13', 1839365087, '50.43330000', '30.51670000', 'вулиця Велика Васильківська, 53/3, Київ, Украина, 01-001', 1739),
(410, 418, 1174, '2017-10-09', 628796402, '42.44110000', '19.26360000', '38-58 Slobode, Podgorica, Черногория', 295),
(411, 418, 1081, '2016-02-08', 1598248999, '50.43330000', '30.51670000', 'вулиця Велика Васильківська, 53/3, Київ, Украина, 01-001', 1153),
(412, 419, 1081, '2016-11-05', 0, '49.52370000', '23.98520000', '', 863),
(413, 419, 1081, '2017-02-08', 786160728, '50.43330000', '30.51670000', 'вулиця Велика Васильківська, 53/3, Київ, Украина, 01-001', 888),
(414, 419, 1081, '2012-06-15', 0, '48.46300000', '35.03900000', 'вулиця Воскресенська, 27Д, Дніпро́, Дніпропетровська область, Украина, 49000', 1197),
(415, 419, 1081, '2017-01-10', 0, '48.46300000', '35.03900000', 'вулиця Воскресенська, 27Д, Дніпро́, Дніпропетровська область, Украина, 49000', 904),
(416, 419, 1081, '2015-12-19', 0, '49.84070000', '24.03050000', 'вулиця Театральна, 2, Львів, Львівська область, Украина, 79000', 572),
(417, 420, 1081, '2017-12-09', 0, '49.84070000', '24.03050000', 'вулиця Театральна, 2, Львів, Львівська область, Украина, 79000', 393),
(418, 420, 1081, '2016-11-02', 0, '46.46390000', '30.73860000', 'Волзький провулок, 1, Одеса, Одеська область, Украина, 65000', 256),
(419, 420, 1081, '2016-02-11', 0, '50.45000000', '30.52330000', 'вул. Хрещатик, 22, Київ, Украина, 02000', 3489),
(420, 421, 1081, '2017-07-16', 625588478, '50.43330000', '30.51670000', 'вулиця Велика Васильківська, 53/3, Київ, Украина, 01-001', 258),
(421, 421, 1086, '2017-12-09', 0, '56.85750000', '60.61250000', '', 492),
(422, 422, 1081, '2016-08-10', 87740558, '49.55590000', '25.60560000', 'вулиця Весела, 22, Тернопіль, Тернопільська область, Украина, 46002', 860),
(423, 423, 1081, '2017-11-25', 0, '50.43330000', '30.51670000', 'вулиця Велика Васильківська, 53/3, Київ, Украина, 01-001', 210),
(424, 424, 1081, '2017-11-04', 1565345664, '49.98080000', '36.25270000', 'вулиця Молочна, 38, Харків, Харківська область, Украина, 61000', 714),
(425, 425, 1081, '2017-11-04', 1565345664, '49.98080000', '36.25270000', 'вулиця Молочна, 38, Харків, Харківська область, Украина, 61000', 706),
(426, 425, 1203, '2017-12-09', 1497976905, '52.15330000', '21.04740000', 'Leonida Teligi 1, Warszawa, Польша', 200),
(427, 425, 1081, '2015-03-31', 0, '49.98080000', '36.25270000', 'вулиця Молочна, 38, Харків, Харківська область, Украина, 61000', 3755),
(428, 426, 1081, '2013-06-02', 635778532, '48.46300000', '35.03900000', 'вулиця Воскресенська, 27Д, Дніпро́, Дніпропетровська область, Украина, 49000', 847),
(429, 427, 1081, '2013-06-02', 635778532, '48.46300000', '35.03900000', 'вулиця Воскресенська, 27Д, Дніпро́, Дніпропетровська область, Украина, 49000', 848),
(430, 427, 1086, '2017-12-09', 1603895489, '45.04880000', '38.97250000', 'ул. Красных Партизан, 555-557, Краснодар, Краснодарский край, Россия, 350020', 182),
(431, 427, 1081, '2015-08-28', 0, '49.59370000', '34.54070000', 'вулиця Соборності, 51, Полтава, Полтавська область, Украина, 36000', 204),
(432, 427, 1081, '2016-01-18', 0, '50.45000000', '30.52330000', 'вул. Хрещатик, 22, Київ, Украина, 02000', 626),
(433, 427, 1081, '2017-12-09', 785607475, '50.45000000', '30.52330000', 'вул. Хрещатик, 22, Київ, Украина, 02000', 431),
(434, 428, 1081, '2016-04-11', 786163970, '48.46300000', '35.03900000', 'вулиця Воскресенська, 27Д, Дніпро́, Дніпропетровська область, Украина, 49000', 719),
(435, 429, 1081, '2017-07-31', 785610655, '50.45000000', '30.52330000', 'вул. Хрещатик, 22, Київ, Украина, 02000', 575),
(436, 430, 1081, '2016-01-05', 0, '47.85000000', '35.28330000', '', 772),
(437, 431, 1224, '2016-04-08', 0, '44.22180000', '12.04140000', 'Corso della Repubblica, 7-11, 47121 Forlì FC, Италия', 530),
(438, 431, 1081, '2017-12-09', 0, '50.45000000', '30.52330000', 'вул. Хрещатик, 22, Київ, Украина, 02000', 263),
(439, 431, 1086, '2017-12-09', 0, '55.74850000', '37.61840000', '', 448),
(440, 431, 1081, '2017-09-26', 1565255779, '49.84070000', '24.03050000', 'вулиця Театральна, 2, Львів, Львівська область, Украина, 79000', 1250),
(441, 432, 1081, '2014-12-23', 0, '48.71280000', '32.66470000', 'вулиця Селянська, 5, Знам''янка, Кіровоградська область, Украина, 27401', 265),
(442, 432, 1084, '2017-08-12', 757172247, '37.25390000', '-122.06380000', '14831 Pierce Rd, Cupertino, CA 95014, США', 699),
(443, 433, 1203, '2017-12-09', 1593766691, '51.10000000', '17.03330000', 'Piłsudskiego 91A, Wrocław, Польша', 383),
(444, 434, 1235, '2017-12-09', 100548989, '44.43330000', '26.10000000', 'Strada Doamnei 10, București 030167, Румыния', 229),
(445, 434, 1114, '2017-03-22', 624571473, '51.29930000', '9.49100000', 'Auedamm 48, 34121 Kassel, Германия', 749),
(446, 435, 1081, '2016-05-10', 0, '48.92150000', '24.70970000', 'вулиця Труша, 4, Івано-Франківськ, Івано-Франківська область, Украина, 76000', 211),
(447, 436, 1081, '2014-01-29', 1348302171, '48.46300000', '35.03900000', 'вулиця Воскресенська, 27Д, Дніпро́, Дніпропетровська область, Украина, 49000', 294),
(448, 436, 1086, '2017-12-09', 1578740506, '55.74850000', '37.61840000', '', 254),
(449, 436, 1081, '2017-04-05', 0, '49.42850000', '32.06210000', 'провулок Водопарковий, 40, Черкаси, Черкаська область, Украина, 18000', 2122),
(450, 436, 1081, '2017-09-26', 1565255779, '49.84070000', '24.03050000', 'вулиця Театральна, 2, Львів, Львівська область, Украина, 79000', 1248),
(451, 436, 1081, '2017-12-09', 0, '50.62310000', '26.22740000', 'вулиця Соборна, 215, Рівне, Рівненська область, Украина, 33017', 322),
(452, 436, 1086, '2017-12-09', 0, '57.15220000', '65.52720000', 'ул. Крупской, 21, Тюмень, Тюменская обл., Россия, 625000', 172),
(453, 436, 1081, '2015-05-16', 1565509296, '46.65580000', '32.61780000', 'вулиця Іллюши Кулика, 20, Херсон, Херсонська область, Украина, 73000', 4177),
(454, 437, 1086, '2017-12-09', 39833542, '44.60780000', '40.10580000', 'Пионерская ул., 268, Майкоп, Республика Адыгея, Россия, 385000', 214),
(455, 438, 1081, '2017-12-09', 0, '48.29150000', '25.94030000', 'вулиця Руська, 17Д, Чернівці, Чернівецька область, Украина, 58000', 488),
(456, 439, 1081, '2017-07-02', 0, '46.96590000', '31.99740000', '', 802),
(457, 439, 1083, '2016-11-13', 1510164725, '48.83330000', '2.48330000', '5-7 Rue Agnés Sorel, 94130 Nogent-sur-Marne, Франция', 607),
(458, 440, 1081, '2017-07-26', 1841881855, '46.46390000', '30.73860000', 'Волзький провулок, 1, Одеса, Одеська область, Украина, 65000', 211),
(459, 441, 1261, '2017-12-09', 0, '40.50000000', '47.50000000', '', 395),
(460, 442, 1081, '2017-12-09', 1540178590, '46.65580000', '32.61780000', 'вулиця Іллюши Кулика, 20, Херсон, Херсонська область, Украина, 73000', 188),
(461, 443, 1265, '2017-01-29', 0, '53.00000000', '28.00000000', '', 571),
(462, 444, 1081, '2017-12-09', 0, '49.84070000', '24.03050000', 'вулиця Театральна, 2, Львів, Львівська область, Украина, 79000', 401),
(463, 445, 1081, '2016-03-25', 778232733, '48.46300000', '35.03900000', 'вулиця Воскресенська, 27Д, Дніпро́, Дніпропетровська область, Украина, 49000', 531),
(464, 445, 1271, '2017-12-09', 0, '1.28550000', '103.85650000', '21 Esplanade Dr, Сингапур 038980', 305),
(465, 446, 1081, '2017-09-26', 1565255779, '49.84070000', '24.03050000', 'вулиця Театральна, 2, Львів, Львівська область, Украина, 79000', 1253),
(466, 446, 1081, '2017-08-30', 1581927178, '50.45000000', '30.52330000', 'вул. Хрещатик, 22, Київ, Украина, 02000', 520),
(467, 447, 1114, '2017-04-06', 778426554, '50.11670000', '8.68330000', 'Brönnerstraße 20, 60313 Frankfurt am Main, Германия', 2737),
(468, 448, 1081, '2017-07-06', 528546561, '50.62310000', '26.22740000', 'вулиця Соборна, 215, Рівне, Рівненська область, Украина, 33017', 536),
(469, 449, 1086, '2017-12-09', 39833542, '44.60780000', '40.10580000', 'Пионерская ул., 268, Майкоп, Республика Адыгея, Россия, 385000', 209),
(470, 450, 1081, '2017-09-26', 1565255779, '49.84070000', '24.03050000', 'вулиця Театральна, 2, Львів, Львівська область, Украина, 79000', 1256),
(471, 450, 1081, '2015-05-19', 1596890386, '49.59370000', '34.54070000', 'вулиця Соборності, 51, Полтава, Полтавська область, Украина, 36000', 672),
(472, 450, 1081, '2017-09-26', 1565255779, '49.84070000', '24.03050000', 'вулиця Театральна, 2, Львів, Львівська область, Украина, 79000', 1262),
(473, 450, 1081, '2016-07-04', 1571550155, '50.43330000', '30.51670000', 'вулиця Велика Васильківська, 53/3, Київ, Украина, 01-001', 805),
(474, 450, 1081, '2016-03-22', 1307555699, '48.46300000', '35.03900000', 'вулиця Воскресенська, 27Д, Дніпро́, Дніпропетровська область, Украина, 49000', 286),
(475, 450, 1081, '2017-12-09', 0, '49.98080000', '36.25270000', 'вулиця Молочна, 38, Харків, Харківська область, Украина, 61000', 171),
(476, 451, 1081, '2017-11-06', 1571505645, '50.92160000', '34.80030000', 'вулиця Супруна, 2, Суми, Сумська область, Украина, 40000', 472),
(477, 452, 1087, '2017-12-09', 0, '52.35290000', '4.94150000', 'Voltaplein 26, 1098 NR Amsterdam, Нидерланды', 165),
(478, 453, 1086, '2017-12-09', 0, '55.78870000', '49.12210000', 'ул. Университетская, 12, Казань, Респ. Татарстан, Россия, 420111', 521),
(479, 454, 1081, '2017-09-26', 1565255779, '49.84070000', '24.03050000', 'вулиця Театральна, 2, Львів, Львівська область, Украина, 79000', 1262),
(480, 455, 1081, '2015-07-25', 1588849142, '50.43330000', '30.51670000', 'вулиця Велика Васильківська, 53/3, Київ, Украина, 01-001', 1787),
(481, 456, 1081, '2017-09-26', 1565255779, '49.84070000', '24.03050000', 'вулиця Театральна, 2, Львів, Львівська область, Украина, 79000', 1254),
(482, 457, 1081, '2016-03-15', 786158063, '50.43330000', '30.51670000', 'вулиця Велика Васильківська, 53/3, Київ, Украина, 01-001', 1163),
(483, 457, 1081, '2017-12-09', 0, '49.98080000', '36.25270000', 'вулиця Молочна, 38, Харків, Харківська область, Украина, 61000', 368),
(484, 458, 1086, '2017-12-06', 1427809487, '53.18350000', '50.11820000', 'ул. Неверова, 34, Самара, Самарская обл., Россия, 443036', 180),
(485, 458, 1081, '2017-09-26', 1565255779, '49.84070000', '24.03050000', 'вулиця Театральна, 2, Львів, Львівська область, Украина, 79000', 1261),
(486, 459, 1081, '2017-09-26', 1565255779, '49.84070000', '24.03050000', 'вулиця Театральна, 2, Львів, Львівська область, Украина, 79000', 1247),
(487, 459, 1081, '2017-12-09', 0, '50.45000000', '30.52330000', 'вул. Хрещатик, 22, Київ, Украина, 02000', 332),
(488, 460, 1081, '2015-06-02', 625598721, '50.45000000', '30.52330000', 'вул. Хрещатик, 22, Київ, Украина, 02000', 1259),
(489, 461, 1081, '2017-02-18', 0, '48.46300000', '35.03900000', 'вулиця Воскресенська, 27Д, Дніпро́, Дніпропетровська область, Украина, 49000', 1405),
(490, 462, 1081, '2016-03-21', 1843610308, '49.42850000', '32.06210000', 'провулок Водопарковий, 40, Черкаси, Черкаська область, Украина, 18000', 1123),
(491, 463, 1081, '2017-08-11', 1565308248, '49.98080000', '36.25270000', 'вулиця Молочна, 38, Харків, Харківська область, Украина, 61000', 1509),
(492, 463, 1086, '2017-08-19', 1307890098, '55.73860000', '37.60680000', 'Пречистенская наб., 15, Москва, Россия, 119034', 196),
(493, 463, 1081, '2017-09-24', 0, '49.84070000', '24.03050000', 'вулиця Театральна, 2, Львів, Львівська область, Украина, 79000', 297),
(494, 464, 1081, '2015-02-09', 1539962428, '48.51320000', '32.25970000', '', 748),
(495, 465, 1081, '2016-04-19', 774328275, '49.59370000', '34.54070000', 'вулиця Соборності, 51, Полтава, Полтавська область, Украина, 36000', 6057),
(496, 465, 1081, '2015-04-16', 629908557, '49.42850000', '32.06210000', 'провулок Водопарковий, 40, Черкаси, Черкаська область, Украина, 18000', 8552),
(497, 466, 1081, '2017-09-26', 1565255779, '49.84070000', '24.03050000', 'вулиця Театральна, 2, Львів, Львівська область, Украина, 79000', 1253),
(498, 467, 1081, '2016-11-05', 0, '49.52370000', '23.98520000', '', 864),
(499, 468, 1081, '2014-01-15', 624265487, '50.43330000', '30.51670000', 'вулиця Велика Васильківська, 53/3, Київ, Украина, 01-001', 537),
(500, 469, 1081, '2017-03-10', 0, '50.43330000', '30.51670000', 'вулиця Велика Васильківська, 53/3, Київ, Украина, 01-001', 870),
(501, 470, 1086, '2017-12-09', 0, '55.73860000', '37.60680000', 'Пречистенская наб., 15, Москва, Россия, 119034', 256),
(502, 471, 1087, '2015-11-20', 0, '52.35290000', '4.94150000', 'Voltaplein 26, 1098 NR Amsterdam, Нидерланды', 928),
(503, 472, 1086, '2016-04-08', 0, '51.66640000', '39.17000000', 'ул. Изобретателей, 45, Воронеж, Воронежская обл., Россия, 394038', 761),
(504, 472, 1081, '2017-06-27', 0, '50.43330000', '30.51670000', 'вулиця Велика Васильківська, 53/3, Київ, Украина, 01-001', 183),
(505, 473, 1081, '2015-11-11', 786167492, '50.26490000', '28.67670000', 'вулиця Михайла Грушевського, 71, Житомир, Житомирська область, Украина, 10001', 622),
(506, 474, 1081, '2017-12-05', 780474455, '50.43330000', '30.51670000', 'вулиця Велика Васильківська, 53/3, Київ, Украина, 01-001', 211),
(507, 475, 1355, '2017-12-09', 779361387, '31.50000000', '34.75000000', '', 342),
(508, 476, 1086, '2017-12-09', 0, '55.75220000', '37.61560000', '', 184),
(509, 477, 1081, '2016-12-21', 0, '44.50010000', '34.16150000', '', 424),
(510, 478, 1081, '2012-11-05', 0, '46.46390000', '30.73860000', 'Волзький провулок, 1, Одеса, Одеська область, Украина, 65000', 1242),
(511, 479, 1363, '2017-12-09', 0, '41.31670000', '69.25000000', '', 475),
(512, 480, 1081, '2015-01-22', 522927430, '50.43330000', '30.51670000', 'вулиця Велика Васильківська, 53/3, Київ, Украина, 01-001', 2943),
(513, 480, 1081, '2016-12-04', 628301175, '48.46300000', '35.03900000', 'вулиця Воскресенська, 27Д, Дніпро́, Дніпропетровська область, Украина, 49000', 681),
(514, 480, 1086, '2017-12-09', 1427809360, '53.18350000', '50.11820000', 'ул. Неверова, 34, Самара, Самарская обл., Россия, 443036', 400),
(515, 481, 1081, '2016-06-03', 0, '50.45000000', '30.52330000', 'вул. Хрещатик, 22, Київ, Украина, 02000', 674),
(516, 481, 1081, '2017-12-09', 0, '50.43330000', '30.51670000', 'вулиця Велика Васильківська, 53/3, Київ, Украина, 01-001', 312),
(517, 482, 1086, '2017-12-09', 532220861, '48.71940000', '44.50180000', 'Черноморская ул., 42, Волгоград, Волгоградская обл., Россия, 400012', 215),
(518, 483, 1081, '2017-03-21', 780483495, '50.43330000', '30.51670000', 'вулиця Велика Васильківська, 53/3, Київ, Украина, 01-001', 390),
(519, 484, 1081, '2017-05-30', 0, '48.56700000', '39.31710000', 'вулиця Шелкового, 2Б, Луганськ, Луганська область, Украина, 91000', 487),
(520, 485, 1271, '2017-12-09', 0, '1.28550000', '103.85650000', '21 Esplanade Dr, Сингапур 038980', 641),
(521, 486, 1081, '2017-10-27', 1539866381, '50.43330000', '30.51670000', 'вулиця Велика Васильківська, 53/3, Київ, Украина, 01-001', 211),
(522, 487, 1081, '2016-08-16', 1541092533, '47.85000000', '35.28330000', '', 1847),
(523, 488, 1265, '2017-12-09', 1565860083, '53.00000000', '28.00000000', '', 521),
(524, 489, 1261, '2017-12-09', 96849643, '40.50000000', '47.50000000', '', 216),
(525, 490, 1086, '2015-08-17', 1845019671, '56.17500000', '47.28640000', 'Песчаная ул., 1, Октябрьский, Чувашская Респ., Россия, 428022', 4384),
(526, 491, 1081, '2015-08-09', 0, '47.85000000', '35.28330000', '', 1071),
(527, 492, 1081, '2016-03-23', 1565247253, '49.84070000', '24.03050000', 'вулиця Театральна, 2, Львів, Львівська область, Украина, 79000', 203),
(528, 493, 1081, '2017-05-30', 1539962385, '48.51320000', '32.25970000', '', 593),
(529, 494, 1086, '2017-10-16', 0, '55.74850000', '37.61840000', '', 223);

--
-- Дамп данных таблицы `places_countries_count`
--

INSERT INTO `places_countries_count` (`countries_id`, `count`) VALUES
(1083, 1),
(1084, 1),
(1093, 1),
(1099, 1),
(1174, 1),
(1224, 1),
(1235, 1),
(1355, 1),
(1363, 1),
(1203, 2),
(1261, 2),
(1265, 2),
(1271, 2),
(1114, 3),
(1087, 5),
(1086, 27),
(1081, 119);

--
-- Дамп данных таблицы `places_users_count`
--

INSERT INTO `places_users_count` (`users_id`, `count`) VALUES
(402, 1),
(408, 1),
(409, 1),
(413, 1),
(414, 1),
(415, 1),
(422, 1),
(423, 1),
(424, 1),
(426, 1),
(428, 1),
(429, 1),
(430, 1),
(433, 1),
(435, 1),
(437, 1),
(438, 1),
(440, 1),
(441, 1),
(442, 1),
(443, 1),
(444, 1),
(447, 1),
(448, 1),
(449, 1),
(451, 1),
(452, 1),
(453, 1),
(454, 1),
(455, 1),
(456, 1),
(460, 1),
(461, 1),
(462, 1),
(464, 1),
(466, 1),
(467, 1),
(468, 1),
(469, 1),
(470, 1),
(471, 1),
(473, 1),
(474, 1),
(475, 1),
(476, 1),
(477, 1),
(478, 1),
(479, 1),
(482, 1),
(483, 1),
(484, 1),
(485, 1),
(486, 1),
(487, 1),
(488, 1),
(489, 1),
(490, 1),
(491, 1),
(492, 1),
(493, 1),
(494, 1),
(411, 2),
(417, 2),
(418, 2),
(421, 2),
(432, 2),
(434, 2),
(439, 2),
(445, 2),
(446, 2),
(457, 2),
(458, 2),
(459, 2),
(465, 2),
(472, 2),
(481, 2),
(420, 3),
(425, 3),
(463, 3),
(480, 3),
(404, 4),
(410, 4),
(416, 4),
(431, 4),
(406, 5),
(407, 5),
(412, 5),
(419, 5),
(427, 5),
(450, 6),
(403, 7),
(405, 7),
(436, 7);


SET FOREIGN_KEY_CHECKS=1;

/*!40101 SET CHARACTER_SET_CLIENT=@OLD_CHARACTER_SET_CLIENT */;
/*!40101 SET CHARACTER_SET_RESULTS=@OLD_CHARACTER_SET_RESULTS */;
/*!40101 SET COLLATION_CONNECTION=@OLD_COLLATION_CONNECTION */;
